"","year","genre","Median","Q1","Q3"
"1",1925,"Action",NA,NA,NA
"2",1926,"Action",8,8,8
"3",1927,"Action",NA,NA,NA
"4",1928,"Action",7.9,7.9,7.9
"5",1930,"Action",NA,NA,NA
"6",1931,"Action",7.3,7.3,7.3
"7",1932,"Action",7.45,7.325,7.575
"8",1933,"Action",NA,NA,NA
"9",1934,"Action",NA,NA,NA
"10",1935,"Action",7.8,7.8,7.8
"11",1936,"Action",NA,NA,NA
"12",1937,"Action",NA,NA,NA
"13",1938,"Action",7.8,7.75,7.85
"14",1939,"Action",NA,NA,NA
"15",1940,"Action",7.6,7.6,7.6
"16",1941,"Action",7.6,7.6,7.6
"17",1942,"Action",NA,NA,NA
"18",1943,"Action",NA,NA,NA
"19",1944,"Action",NA,NA,NA
"20",1945,"Action",NA,NA,NA
"21",1946,"Action",NA,NA,NA
"22",1947,"Action",NA,NA,NA
"23",1948,"Action",7.7,7.65,7.8
"24",1949,"Action",8,8,8
"25",1950,"Action",7.7,7.7,7.7
"26",1951,"Action",NA,NA,NA
"27",1952,"Action",NA,NA,NA
"28",1953,"Action",7.2,7.2,7.2
"29",1954,"Action",7.7,7.25,8.05
"30",1955,"Action",NA,NA,NA
"31",1956,"Action",7.7,7.7,7.7
"32",1957,"Action",NA,NA,NA
"33",1958,"Action",7.2,7.2,7.4
"34",1959,"Action",8,8,8
"35",1960,"Action",7.8,7.8,7.8
"36",1961,"Action",7.8,7.7,7.9
"37",1962,"Action",7.8,7.4,8
"38",1963,"Action",7.5,7.45,7.6
"39",1964,"Action",7.9,7.85,7.95
"40",1965,"Action",7.15,7.05,7.275
"41",1966,"Action",7.35,7.325,7.375
"42",1967,"Action",7.8,7.4,7.8
"43",1968,"Action",7.5,7,7.65
"44",1969,"Action",7.3,7.125,7.525
"45",1970,"Action",6.7,6.4,7.15
"46",1971,"Action",7.2,6.7,7.5
"47",1972,"Action",7.4,7.1,7.5
"48",1973,"Action",7.35,6.925,7.675
"49",1974,"Action",7.1,6.9,7.6
"50",1975,"Action",6.7,6.5,6.8
"51",1976,"Action",6.9,6.9,7
"52",1977,"Action",7.15,6.95,7.35
"53",1978,"Action",7.3,6.475,7.725
"54",1979,"Action",6.65,6.15,7.525
"55",1980,"Action",6.7,6.2,6.9
"56",1981,"Action",7.2,6.8,7.5
"57",1982,"Action",7,6.4,7.7
"58",1983,"Action",6.6,6.35,7.075
"59",1984,"Action",6.7,6.05,7.25
"60",1985,"Action",6.6,6.225,7.3
"61",1986,"Action",6.4,5.825,7.275
"62",1987,"Action",6.8,6.65,7.65
"63",1988,"Action",6.7,6.2,7.2
"64",1989,"Action",6.55,6.025,6.9
"65",1990,"Action",6.2,5.9,6.85
"66",1991,"Action",6.75,6.3,7.175
"67",1992,"Action",6.6,5.9,7
"68",1993,"Action",6.75,6.3,7.675
"69",1994,"Action",6.3,5.55,7.25
"70",1995,"Action",6.4,5.7,7
"71",1996,"Action",6.2,5.8,6.9
"72",1997,"Action",6.4,5.6,6.9
"73",1998,"Action",6.3,5.9,7.025
"74",1999,"Action",6.5,5.825,7.5
"75",2000,"Action",6.45,5.775,7.125
"76",2001,"Action",6.5,6,6.95
"77",2002,"Action",6.3,5.7,7.3
"78",2003,"Action",6.5,5.725,7.275
"79",2004,"Action",6.75,6.175,7.4
"80",2005,"Action",6.7,5.9,7.4
"81",2006,"Action",6.8,5.8,7.3
"82",2007,"Action",6.8,6.1,7.2
"83",2008,"Action",6.7,6.1,7.3
"84",2009,"Action",6.5,5.9,7.2
"85",2010,"Action",6.7,6.3,7.1
"86",2011,"Action",6.4,5.8,7.1
"87",2012,"Action",6.4,6,7.1
"88",2013,"Action",6.6,6.2,7
"89",2014,"Action",6.5,5.9,7.3
"90",2015,"Action",6.65,5.925,7.4
"91",2016,"Action",6.5,6,7.2
"92",2017,"Action",6.6,6.1,7.35
"93",2018,"Action",6.55,6.075,7.1
"94",2019,"Action",6.6,6.2,6.95
"95",2020,"Action",6.5,5.9,6.8
"96",1925,"Adventure",8.1,8.1,8.1
"97",1926,"Adventure",8,8,8
"98",1927,"Adventure",NA,NA,NA
"99",1928,"Adventure",NA,NA,NA
"100",1930,"Adventure",NA,NA,NA
"101",1931,"Adventure",NA,NA,NA
"102",1932,"Adventure",7.2,7.2,7.2
"103",1933,"Adventure",7.8,7.8,7.8
"104",1934,"Adventure",NA,NA,NA
"105",1935,"Adventure",7.75,7.725,7.775
"106",1936,"Adventure",NA,NA,NA
"107",1937,"Adventure",7.8,7.8,7.8
"108",1938,"Adventure",7.9,7.9,7.9
"109",1939,"Adventure",7.75,7.65,7.85
"110",1940,"Adventure",7.6,7.6,7.6
"111",1941,"Adventure",7.8,7.7,7.9
"112",1942,"Adventure",NA,NA,NA
"113",1943,"Adventure",NA,NA,NA
"114",1944,"Adventure",7.9,7.9,7.9
"115",1945,"Adventure",NA,NA,NA
"116",1946,"Adventure",7.8,7.8,7.8
"117",1947,"Adventure",NA,NA,NA
"118",1948,"Adventure",7.7,7.65,7.85
"119",1949,"Adventure",NA,NA,NA
"120",1950,"Adventure",NA,NA,NA
"121",1951,"Adventure",7.65,7.575,7.725
"122",1952,"Adventure",NA,NA,NA
"123",1953,"Adventure",7.6,7.5,7.7
"124",1954,"Adventure",7.3,7.05,7.85
"125",1955,"Adventure",7.75,7.575,7.925
"126",1956,"Adventure",7.7,7.4,7.9
"127",1957,"Adventure",7.75,7.575,7.925
"128",1958,"Adventure",7.2,7.2,7.55
"129",1959,"Adventure",8,7.6,8.1
"130",1960,"Adventure",7.7,7.3,7.8
"131",1961,"Adventure",7.45,7.375,7.525
"132",1962,"Adventure",7.35,7.3,7.575
"133",1963,"Adventure",7.4,7.1,7.6
"134",1964,"Adventure",7.3,5.25,7.55
"135",1965,"Adventure",7.5,7.2,7.5
"136",1966,"Adventure",7.4,6.9,7.7
"137",1967,"Adventure",7.7,7.2,7.8
"138",1968,"Adventure",7.5,7.2,7.85
"139",1969,"Adventure",7.45,7.4,7.8
"140",1970,"Adventure",7.15,6.7,7.375
"141",1971,"Adventure",7.2,6.95,7.45
"142",1972,"Adventure",7.65,7.45,7.7
"143",1973,"Adventure",7.65,7.45,7.85
"144",1974,"Adventure",6.4,6.2,6.6
"145",1975,"Adventure",8,7.95,8.2
"146",1976,"Adventure",6.85,6.5,7.175
"147",1977,"Adventure",7,6.6,7.6
"148",1978,"Adventure",7,6,7.625
"149",1979,"Adventure",7.2,6.7,7.65
"150",1980,"Adventure",6.7,6.1,7.7
"151",1981,"Adventure",7.4,7.05,7.5
"152",1982,"Adventure",7.55,6.95,7.7
"153",1983,"Adventure",6.6,6.2,7.5
"154",1984,"Adventure",6.8,6.4,7.3
"155",1985,"Adventure",6.7,6.375,7
"156",1986,"Adventure",7.2,6.7,7.6
"157",1987,"Adventure",6.8,5.3,7.35
"158",1988,"Adventure",7.3,5.9,7.6
"159",1989,"Adventure",6.5,6.4,7.6
"160",1990,"Adventure",6.95,6.325,7.025
"161",1991,"Adventure",6.75,6.325,7.3
"162",1992,"Adventure",6.6,6.15,7.125
"163",1993,"Adventure",6.5,6.2,7.15
"164",1994,"Adventure",6.3,5.4,6.65
"165",1995,"Adventure",6.95,6.025,7.3
"166",1996,"Adventure",6.6,5.9,6.95
"167",1997,"Adventure",6.6,5.925,7.2
"168",1998,"Adventure",6.5,6,6.8
"169",1999,"Adventure",6.5,6,7.2
"170",2000,"Adventure",6.45,5.675,7.425
"171",2001,"Adventure",6.45,5.9,7.275
"172",2002,"Adventure",6.3,5.7,7.4
"173",2003,"Adventure",6.6,5.7,7.3
"174",2004,"Adventure",6.8,6.075,7.3
"175",2005,"Adventure",6.4,5.625,7.2
"176",2006,"Adventure",6.5,5.8,7.1
"177",2007,"Adventure",6.55,5.95,7.225
"178",2008,"Adventure",6.6,6,6.9
"179",2009,"Adventure",6.6,5.9,7.6
"180",2010,"Adventure",6.6,6.2,7.1
"181",2011,"Adventure",6.7,6,7.15
"182",2012,"Adventure",6.8,6.1,7.3
"183",2013,"Adventure",6.9,6.35,7.3
"184",2014,"Adventure",6.85,6,7.55
"185",2015,"Adventure",6.8,6.25,7.4
"186",2016,"Adventure",6.65,6.1,7.225
"187",2017,"Adventure",6.65,6.075,7.125
"188",2018,"Adventure",6.7,6.1,7.1
"189",2019,"Adventure",6.8,6.3,7.1
"190",2020,"Adventure",6.3,5.9,6.8
"191",1925,"Comedy",8.1,8.1,8.1
"192",1926,"Comedy",8,8,8
"193",1927,"Comedy",NA,NA,NA
"194",1928,"Comedy",7.9,7.9,8
"195",1930,"Comedy",7.5,7.45,7.55
"196",1931,"Comedy",7.95,7.775,8.125
"197",1932,"Comedy",7.9,7.8,8
"198",1933,"Comedy",7.75,7.675,7.825
"199",1934,"Comedy",8,7.85,8.05
"200",1935,"Comedy",7.9,7.85,7.95
"201",1936,"Comedy",7.95,7.85,8.1
"202",1937,"Comedy",7.8,7.75,7.85
"203",1938,"Comedy",7.9,7.9,7.95
"204",1939,"Comedy",7.9,7.9,8
"205",1940,"Comedy",8,7.9,8.1
"206",1941,"Comedy",7.85,7.775,7.925
"207",1942,"Comedy",7.7,7.7,7.9
"208",1943,"Comedy",NA,NA,NA
"209",1944,"Comedy",7.7,7.3,7.9
"210",1945,"Comedy",NA,NA,NA
"211",1946,"Comedy",7.75,7.625,7.875
"212",1947,"Comedy",7.9,7.875,7.925
"213",1948,"Comedy",7.6,7.55,7.65
"214",1949,"Comedy",7.6,7.475,7.675
"215",1950,"Comedy",8,8,8
"216",1951,"Comedy",7.7,7.7,7.7
"217",1952,"Comedy",7.9,7.6,8.05
"218",1953,"Comedy",7.75,7.375,7.975
"219",1954,"Comedy",7.8,7.7,7.85
"220",1955,"Comedy",7.4,7.3,7.8
"221",1956,"Comedy",6.8,6.7,7
"222",1957,"Comedy",7.3,7.25,7.35
"223",1958,"Comedy",7.8,7.35,8
"224",1959,"Comedy",7.6,7.5,7.9
"225",1960,"Comedy",7.35,6.6,8.025
"226",1961,"Comedy",7.65,7.425,7.875
"227",1962,"Comedy",7.85,7.7,7.925
"228",1963,"Comedy",7.3,6.8,7.5
"229",1964,"Comedy",7.8,7.525,7.9
"230",1965,"Comedy",7.5,7.125,7.575
"231",1966,"Comedy",7.4,7.15,7.7
"232",1967,"Comedy",7.65,7.225,7.875
"233",1968,"Comedy",7.5,6.6,7.7
"234",1969,"Comedy",7.4,7.4,7.85
"235",1970,"Comedy",7.45,7.275,7.625
"236",1971,"Comedy",7.5,7.2,7.8
"237",1972,"Comedy",7.4,6.8,7.7
"238",1973,"Comedy",7.6,7.6,8
"239",1974,"Comedy",7.5,7.2,7.8
"240",1975,"Comedy",7.75,7.05,8.325
"241",1976,"Comedy",7.4,7,8.5
"242",1977,"Comedy",7.5,7.025,7.9
"243",1978,"Comedy",7,6.6,7.6
"244",1979,"Comedy",7.7,6.85,7.95
"245",1980,"Comedy",6.9,6.3,7.5
"246",1981,"Comedy",7.1,7,7.375
"247",1982,"Comedy",7,6.7,7.275
"248",1983,"Comedy",7.3,6.8,7.6
"249",1984,"Comedy",7,6.625,7.4
"250",1985,"Comedy",6.8,6.4,7.5
"251",1986,"Comedy",6.7,6.25,7.1
"252",1987,"Comedy",6.8,6.3,7.4
"253",1988,"Comedy",6.5,6.05,7.2
"254",1989,"Comedy",6.7,6.375,7.225
"255",1990,"Comedy",6.6,6.1,7
"256",1991,"Comedy",6.8,6.3,7.1
"257",1992,"Comedy",6.8,6,7.575
"258",1993,"Comedy",6.9,6,7.4
"259",1994,"Comedy",6.6,5.8,7.3
"260",1995,"Comedy",6.9,6.4,7.1
"261",1996,"Comedy",6.6,5.8,7.2
"262",1997,"Comedy",6.6,5.85,7.275
"263",1998,"Comedy",6.9,6.3,7.4
"264",1999,"Comedy",6.6,6,7.25
"265",2000,"Comedy",6.6,5.85,7.25
"266",2001,"Comedy",6.6,5.9,7.05
"267",2002,"Comedy",6.2,5.6,7.025
"268",2003,"Comedy",6.45,5.7,7.4
"269",2004,"Comedy",6.4,5.6,7.1
"270",2005,"Comedy",6.6,5.9,7.175
"271",2006,"Comedy",6.6,5.8,7.1
"272",2007,"Comedy",6.6,5.975,7.125
"273",2008,"Comedy",6.45,5.9,6.975
"274",2009,"Comedy",6.5,5.8,7.15
"275",2010,"Comedy",6.5,5.85,7.1
"276",2011,"Comedy",6.6,6.2,7.2
"277",2012,"Comedy",6.6,6,7.1
"278",2013,"Comedy",6.6,6,7.1
"279",2014,"Comedy",6.5,6.1,7.1
"280",2015,"Comedy",6.7,6.2,7.225
"281",2016,"Comedy",6.45,6.025,7.3
"282",2017,"Comedy",6.6,5.9,7.2
"283",2018,"Comedy",6.7,6.2,7.375
"284",2019,"Comedy",6.6,6,7.2
"285",2020,"Comedy",6.5,6.1,7.025
"286",1925,"Crime",NA,NA,NA
"287",1926,"Crime",NA,NA,NA
"288",1927,"Crime",7.4,7.4,7.4
"289",1928,"Crime",NA,NA,NA
"290",1930,"Crime",NA,NA,NA
"291",1931,"Crime",7.7,7.5,7.9
"292",1932,"Crime",7.9,7.8,8
"293",1933,"Crime",7.7,7.7,7.7
"294",1934,"Crime",7.5,7.2,7.8
"295",1935,"Crime",NA,NA,NA
"296",1936,"Crime",7.5,7.3,7.7
"297",1937,"Crime",NA,NA,NA
"298",1938,"Crime",7.9,7.9,7.9
"299",1939,"Crime",7.8,7.8,7.8
"300",1940,"Crime",7.7,7.7,7.7
"301",1941,"Crime",7.6,7.6,7.6
"302",1942,"Crime",NA,NA,NA
"303",1943,"Crime",NA,NA,NA
"304",1944,"Crime",7.9,7.7,8
"305",1945,"Crime",7.6,7.5,7.8
"306",1946,"Crime",7.65,7.475,7.825
"307",1947,"Crime",7.9,7.75,7.9
"308",1948,"Crime",7.85,7.75,7.925
"309",1949,"Crime",7.9,7.75,7.95
"310",1950,"Crime",7.9,7.8,8
"311",1951,"Crime",7.8,7.75,7.85
"312",1952,"Crime",NA,NA,NA
"313",1953,"Crime",7.5,7.225,7.775
"314",1954,"Crime",8.1,8.1,8.1
"315",1955,"Crime",7.75,7.55,7.9
"316",1956,"Crime",7.8,7.75,7.85
"317",1957,"Crime",8.2,7.8,8.5
"318",1958,"Crime",7.9,7.8,7.9
"319",1959,"Crime",7.8,7.525,7.925
"320",1960,"Crime",7.9,7.7,8.05
"321",1961,"Crime",7.6,7.6,7.6
"322",1962,"Crime",7.95,7.825,8.05
"323",1963,"Crime",7.65,7.425,7.875
"324",1964,"Crime",7.5,7.275,7.725
"325",1965,"Crime",8.1,7.9,8.3
"326",1966,"Crime",7.15,6.875,7.425
"327",1967,"Crime",7.85,7.8,7.975
"328",1968,"Crime",7.3,6.95,7.55
"329",1969,"Crime",8,7.4,8
"330",1970,"Crime",7.6,7.4,7.8
"331",1971,"Crime",7.45,7.25,7.775
"332",1972,"Crime",7.3,6.925,7.85
"333",1973,"Crime",7.8,7.6,7.9
"334",1974,"Crime",7.3,7.1,7.575
"335",1975,"Crime",7.1,6.8,7.2
"336",1976,"Crime",7.4,7.025,7.475
"337",1977,"Crime",7.4,6.9,8.1
"338",1978,"Crime",7.2,6.9,7.35
"339",1979,"Crime",7.7,7.6,7.75
"340",1980,"Crime",7.1,6.5,7.4
"341",1981,"Crime",7.35,6.675,7.5
"342",1982,"Crime",7.05,7,7.175
"343",1983,"Crime",6.9,6.65,7.4
"344",1984,"Crime",6.9,6.55,7.325
"345",1985,"Crime",7.2,6.875,7.5
"346",1986,"Crime",7,6.525,7.325
"347",1987,"Crime",7.15,6.6,7.525
"348",1988,"Crime",6.85,6.2,7.625
"349",1989,"Crime",6.6,6.2,7.175
"350",1990,"Crime",6.5,6.1,7.05
"351",1991,"Crime",6.9,6.3,7.3
"352",1992,"Crime",7,6.4,7.3
"353",1993,"Crime",7.1,6.3,7.7
"354",1994,"Crime",6.9,6.3,7.35
"355",1995,"Crime",6.9,6.4,7.5
"356",1996,"Crime",6.7,5.925,7.3
"357",1997,"Crime",6.8,6.4,7.4
"358",1998,"Crime",7.1,6.225,7.4
"359",1999,"Crime",6.8,6.5,7.4
"360",2000,"Crime",6.7,5.975,7.425
"361",2001,"Crime",6.6,6.175,7.025
"362",2002,"Crime",6.9,6.3,7.4
"363",2003,"Crime",7.1,6.5,7.575
"364",2004,"Crime",6.6,6,7.45
"365",2005,"Crime",6.9,6.3,7.4
"366",2006,"Crime",6.95,6.225,7.475
"367",2007,"Crime",6.8,6.1,7.3
"368",2008,"Crime",6.85,6.175,7.4
"369",2009,"Crime",6.5,5.9,7.1
"370",2010,"Crime",6.8,6.3,7.3
"371",2011,"Crime",6.55,5.975,7.4
"372",2012,"Crime",6.45,5.9,7.1
"373",2013,"Crime",6.7,6.2,7.225
"374",2014,"Crime",6.7,6.2,7.3
"375",2015,"Crime",6.6,5.775,7.15
"376",2016,"Crime",6.5,6.125,7.2
"377",2017,"Crime",6.7,6.15,7.3
"378",2018,"Crime",6.65,6.1,7.1
"379",2019,"Crime",6.75,6.325,7.475
"380",2020,"Crime",6.3,6.1,7.025
"381",1925,"Drama",7.95,7.875,8.025
"382",1926,"Drama",7.8,7.8,7.8
"383",1927,"Drama",7.8,7.625,7.95
"384",1928,"Drama",7.9,7.85,8
"385",1930,"Drama",7.7,7.55,7.8
"386",1931,"Drama",7.7,7.6,7.8
"387",1932,"Drama",7.8,7.65,7.9
"388",1933,"Drama",NA,NA,NA
"389",1934,"Drama",7.7,7.7,7.7
"390",1935,"Drama",7.75,7.725,7.775
"391",1936,"Drama",7.9,7.9,8
"392",1937,"Drama",7.9,7.85,7.95
"393",1938,"Drama",7.8,7.675,7.925
"394",1939,"Drama",7.8,7.7,8
"395",1940,"Drama",7.95,7.9,8.075
"396",1941,"Drama",7.8,7.75,8.05
"397",1942,"Drama",7.8,7.675,7.95
"398",1943,"Drama",7.6,7.4,7.8
"399",1944,"Drama",7.75,7.675,7.925
"400",1945,"Drama",7.8,7.6,8
"401",1946,"Drama",7.8,7.7,7.9
"402",1947,"Drama",7.9,7.75,7.9
"403",1948,"Drama",7.8,7.7,8
"404",1949,"Drama",7.75,7.575,8
"405",1950,"Drama",8,7.9,8.075
"406",1951,"Drama",7.8,7.675,8
"407",1952,"Drama",7.9,7.8,8
"408",1953,"Drama",7.7,7.375,7.925
"409",1954,"Drama",7.7,7.6,8
"410",1955,"Drama",7.8,7.7,7.9
"411",1956,"Drama",7.7,7.5,7.9
"412",1957,"Drama",8,7.675,8.1
"413",1958,"Drama",7.9,7.575,7.9
"414",1959,"Drama",7.9,7.65,8
"415",1960,"Drama",7.9,7.7,8
"416",1961,"Drama",7.9,7.6,8
"417",1962,"Drama",7.9,7.8,8
"418",1963,"Drama",7.9,7.55,8
"419",1964,"Drama",7.9,7.8,7.9
"420",1965,"Drama",7.7,7.55,7.925
"421",1966,"Drama",7.7,7.375,7.875
"422",1967,"Drama",7.8,7.7,8
"423",1968,"Drama",7.7,7.2,7.8
"424",1969,"Drama",7.8,7.2,8
"425",1970,"Drama",7.6,7.3,7.6
"426",1971,"Drama",7.7,7.2,7.95
"427",1972,"Drama",7.55,7.1,7.85
"428",1973,"Drama",7.65,7.55,7.9
"429",1974,"Drama",7.4,7.1,7.8
"430",1975,"Drama",7.65,6.775,8.05
"431",1976,"Drama",7.55,6.925,8
"432",1977,"Drama",7.6,7.45,7.9
"433",1978,"Drama",7.3,7,7.7
"434",1979,"Drama",7.5,7.4,7.85
"435",1980,"Drama",7.4,6.7,8
"436",1981,"Drama",7.4,7,7.5
"437",1982,"Drama",7.6,7.175,7.85
"438",1983,"Drama",7.3,6.7,7.4
"439",1984,"Drama",7.2,6.7,7.6
"440",1985,"Drama",7.3,6.9,7.5
"441",1986,"Drama",7.3,7,7.8
"442",1987,"Drama",7.4,7.1,7.8
"443",1988,"Drama",7.3,6.875,7.625
"444",1989,"Drama",7.25,6.5,7.625
"445",1990,"Drama",6.95,6.4,7.625
"446",1991,"Drama",7,6.65,7.6
"447",1992,"Drama",7.1,6.6,7.55
"448",1993,"Drama",7.2,6.75,7.7
"449",1994,"Drama",7.3,6.5,7.7
"450",1995,"Drama",7,6.7,7.575
"451",1996,"Drama",6.9,6.3,7.5
"452",1997,"Drama",7.2,6.7,7.6
"453",1998,"Drama",7.2,6.725,7.6
"454",1999,"Drama",7,6.6,7.5
"455",2000,"Drama",7.1,6.5,7.6
"456",2001,"Drama",7,6.5,7.55
"457",2002,"Drama",7.1,6.5,7.6
"458",2003,"Drama",7.3,6.7,7.7
"459",2004,"Drama",7.3,6.7,7.75
"460",2005,"Drama",7.2,6.6,7.5
"461",2006,"Drama",7.2,6.7,7.6
"462",2007,"Drama",7.05,6.525,7.6
"463",2008,"Drama",7,6.5,7.5
"464",2009,"Drama",7,6.5,7.4
"465",2010,"Drama",6.9,6.425,7.4
"466",2011,"Drama",6.95,6.3,7.4
"467",2012,"Drama",7.1,6.4,7.4
"468",2013,"Drama",6.8,6.35,7.5
"469",2014,"Drama",6.8,6.3,7.4
"470",2015,"Drama",7,6.375,7.5
"471",2016,"Drama",6.95,6.4,7.5
"472",2017,"Drama",6.9,6.4,7.4
"473",2018,"Drama",6.9,6.3,7.5
"474",2019,"Drama",7,6.3,7.6
"475",2020,"Drama",6.5,5.9,7.175
"476",1925,"Fantasy",NA,NA,NA
"477",1926,"Fantasy",7.8,7.8,7.8
"478",1927,"Fantasy",NA,NA,NA
"479",1928,"Fantasy",NA,NA,NA
"480",1930,"Fantasy",NA,NA,NA
"481",1931,"Fantasy",7.6,7.6,7.6
"482",1932,"Fantasy",7.4,7.35,7.45
"483",1933,"Fantasy",NA,NA,NA
"484",1934,"Fantasy",NA,NA,NA
"485",1935,"Fantasy",NA,NA,NA
"486",1936,"Fantasy",NA,NA,NA
"487",1937,"Fantasy",7.7,7.65,7.75
"488",1938,"Fantasy",NA,NA,NA
"489",1939,"Fantasy",8,8,8
"490",1940,"Fantasy",7.7,7.65,7.75
"491",1941,"Fantasy",NA,NA,NA
"492",1942,"Fantasy",7.4,7.4,7.4
"493",1943,"Fantasy",7.2,7.2,7.2
"494",1944,"Fantasy",NA,NA,NA
"495",1945,"Fantasy",7.6,7.6,7.6
"496",1946,"Fantasy",8,7.9,8.25
"497",1947,"Fantasy",7.9,7.85,7.95
"498",1948,"Fantasy",7.7,7.7,7.7
"499",1949,"Fantasy",NA,NA,NA
"500",1950,"Fantasy",7.9,7.65,7.95
"501",1951,"Fantasy",8.2,8.2,8.2
"502",1952,"Fantasy",NA,NA,NA
"503",1953,"Fantasy",8,8,8
"504",1954,"Fantasy",NA,NA,NA
"505",1955,"Fantasy",NA,NA,NA
"506",1956,"Fantasy",NA,NA,NA
"507",1957,"Fantasy",7.85,7.725,7.975
"508",1958,"Fantasy",NA,NA,NA
"509",1959,"Fantasy",7.3,7.25,7.35
"510",1960,"Fantasy",NA,NA,NA
"511",1961,"Fantasy",NA,NA,NA
"512",1962,"Fantasy",7.9,7.9,7.9
"513",1963,"Fantasy",6.8,6.8,6.8
"514",1964,"Fantasy",7.95,7.925,7.975
"515",1965,"Fantasy",7.6,7.6,7.6
"516",1966,"Fantasy",NA,NA,NA
"517",1967,"Fantasy",NA,NA,NA
"518",1968,"Fantasy",6.55,6.275,6.825
"519",1969,"Fantasy",7,7,7
"520",1970,"Fantasy",3.8,3.8,3.8
"521",1971,"Fantasy",7.9,7.9,7.9
"522",1972,"Fantasy",NA,NA,NA
"523",1973,"Fantasy",7.9,7.9,7.9
"524",1974,"Fantasy",6.75,6.375,7.125
"525",1975,"Fantasy",8.2,8.2,8.2
"526",1976,"Fantasy",6.4,6.4,6.4
"527",1977,"Fantasy",7.05,6.6,7.675
"528",1978,"Fantasy",6.3,6.1,6.65
"529",1979,"Fantasy",NA,NA,NA
"530",1980,"Fantasy",7.5,6.6,8.05
"531",1981,"Fantasy",7,6.875,7.2
"532",1982,"Fantasy",7.05,6.55,7.325
"533",1983,"Fantasy",6.3,6.15,7.3
"534",1984,"Fantasy",6.85,6.3,7.425
"535",1985,"Fantasy",6.7,6.3,7.1
"536",1986,"Fantasy",7.3,6.9,7.45
"537",1987,"Fantasy",6.6,6.2,7.3
"538",1988,"Fantasy",6.65,6.5,7.375
"539",1989,"Fantasy",6.6,6.4,6.85
"540",1990,"Fantasy",6.5,6.4,7.2
"541",1991,"Fantasy",6.9,6.2,7.5
"542",1992,"Fantasy",6.3,5.6,7.2
"543",1993,"Fantasy",7.05,6.225,7.425
"544",1994,"Fantasy",6.6,5.975,6.875
"545",1995,"Fantasy",6.9,6.1,7.6
"546",1996,"Fantasy",5.9,5.6,6.6
"547",1997,"Fantasy",6.25,5.45,6.9
"548",1998,"Fantasy",6.9,6.5,7.225
"549",1999,"Fantasy",6.45,5.75,7.525
"550",2000,"Fantasy",6.4,5.4,6.9
"551",2001,"Fantasy",6.5,5.8,6.9
"552",2002,"Fantasy",6.3,5.8,6.9
"553",2003,"Fantasy",6.15,5.6,7.175
"554",2004,"Fantasy",6.3,5.325,6.825
"555",2005,"Fantasy",7.05,5.725,7.275
"556",2006,"Fantasy",6.95,5.875,7.5
"557",2007,"Fantasy",6.2,5.7,6.75
"558",2008,"Fantasy",6.4,6,6.8
"559",2009,"Fantasy",6.6,6.05,7.2
"560",2010,"Fantasy",6.5,5.9,6.75
"561",2011,"Fantasy",6.2,5.5,6.75
"562",2012,"Fantasy",6.6,6.1,7.5
"563",2013,"Fantasy",6.4,6.225,7.025
"564",2014,"Fantasy",6,5.575,6.525
"565",2015,"Fantasy",6.4,6,6.9
"566",2016,"Fantasy",6.2,6,6.9
"567",2017,"Fantasy",6.65,5.8,6.95
"568",2018,"Fantasy",6.6,6.15,6.85
"569",2019,"Fantasy",6.55,6.15,6.975
"570",2020,"Fantasy",5.3,5,6.8
"571",1925,"Historical",7.8,7.8,7.8
"572",1926,"Historical",NA,NA,NA
"573",1927,"Historical",NA,NA,NA
"574",1928,"Historical",7.8,7.8,7.8
"575",1930,"Historical",NA,NA,NA
"576",1931,"Historical",NA,NA,NA
"577",1932,"Historical",NA,NA,NA
"578",1933,"Historical",NA,NA,NA
"579",1934,"Historical",NA,NA,NA
"580",1935,"Historical",NA,NA,NA
"581",1936,"Historical",NA,NA,NA
"582",1937,"Historical",NA,NA,NA
"583",1938,"Historical",NA,NA,NA
"584",1939,"Historical",8.1,8.1,8.1
"585",1940,"Historical",7.9,7.9,7.9
"586",1941,"Historical",7.8,7.8,7.8
"587",1942,"Historical",NA,NA,NA
"588",1943,"Historical",NA,NA,NA
"589",1944,"Historical",NA,NA,NA
"590",1945,"Historical",NA,NA,NA
"591",1946,"Historical",NA,NA,NA
"592",1947,"Historical",NA,NA,NA
"593",1948,"Historical",NA,NA,NA
"594",1949,"Historical",NA,NA,NA
"595",1950,"Historical",NA,NA,NA
"596",1951,"Historical",7.2,7.2,7.2
"597",1952,"Historical",7.5,7.5,7.5
"598",1953,"Historical",7.4,7.4,7.4
"599",1954,"Historical",NA,NA,NA
"600",1955,"Historical",NA,NA,NA
"601",1956,"Historical",NA,NA,NA
"602",1957,"Historical",7.9,7.9,7.9
"603",1958,"Historical",7.55,7.375,7.725
"604",1959,"Historical",8,8,8
"605",1960,"Historical",7.55,7.275,7.825
"606",1961,"Historical",7.4,7.4,7.4
"607",1962,"Historical",7.55,7.425,7.675
"608",1963,"Historical",7.55,7,8.05
"609",1964,"Historical",7.9,7.85,7.95
"610",1965,"Historical",6.9,6.9,6.9
"611",1966,"Historical",7.9,7.85,7.95
"612",1967,"Historical",NA,NA,NA
"613",1968,"Historical",8.1,8.1,8.1
"614",1969,"Historical",7.2,7.1,7.6
"615",1970,"Historical",7.6,7.6,7.6
"616",1971,"Historical",7.65,7.525,7.775
"617",1972,"Historical",NA,NA,NA
"618",1973,"Historical",7.6,7.6,7.6
"619",1974,"Historical",7.8,7.8,7.8
"620",1975,"Historical",7.95,7.925,7.975
"621",1976,"Historical",8,7.8,8.5
"622",1977,"Historical",7.5,7.5,7.5
"623",1978,"Historical",NA,NA,NA
"624",1979,"Historical",5.5,5.5,5.5
"625",1980,"Historical",8,7.95,8.3
"626",1981,"Historical",7.45,7.325,7.5
"627",1982,"Historical",7.9,7.85,7.95
"628",1983,"Historical",7.3,7.3,7.3
"629",1984,"Historical",7.6,7.275,8
"630",1985,"Historical",NA,NA,NA
"631",1986,"Historical",7.55,7.525,7.575
"632",1987,"Historical",7.8,7.65,7.85
"633",1988,"Historical",7.6,7.45,7.75
"634",1989,"Historical",8,8,8
"635",1990,"Historical",7.65,7.625,7.675
"636",1991,"Historical",8,7.75,8.05
"637",1992,"Historical",7.6,7.35,7.7
"638",1993,"Historical",8.3,8.1,8.5
"639",1994,"Historical",7.6,7.6,7.75
"640",1995,"Historical",7.7,7.4,8
"641",1996,"Historical",6.9,6.75,7.85
"642",1997,"Historical",7.35,7.25,7.55
"643",1998,"Historical",7.6,7.5,7.7
"644",1999,"Historical",7.3,6.9,7.6
"645",2000,"Historical",7.45,7.375,7.725
"646",2001,"Historical",7.55,7.175,7.7
"647",2002,"Historical",7.55,7.325,7.85
"648",2003,"Historical",7.3,6.8,7.3
"649",2004,"Historical",7.7,7,8
"650",2005,"Historical",7.6,7.075,7.825
"651",2006,"Historical",7.1,6.725,7.5
"652",2007,"Historical",7.2,7.05,7.6
"653",2008,"Historical",7.2,6.95,7.35
"654",2009,"Historical",7.5,7.4,7.7
"655",2010,"Historical",7.2,6.5,7.5
"656",2011,"Historical",7.1,6.525,7.475
"657",2012,"Historical",7.55,6.875,7.7
"658",2013,"Historical",7.2,6.4,7.6
"659",2014,"Historical",7.05,6.375,7.375
"660",2015,"Historical",7,6.675,7.525
"661",2016,"Historical",6.9,6.6,7.5
"662",2017,"Historical",7,6.525,7.475
"663",2018,"Historical",6.8,6.6,7.6
"664",2019,"Historical",7.05,6.55,7.625
"665",2020,"Historical",7.2,7,7.9
"666",1925,"Horror",7.7,7.7,7.7
"667",1926,"Horror",7.8,7.8,7.8
"668",1927,"Horror",NA,NA,NA
"669",1928,"Horror",NA,NA,NA
"670",1930,"Horror",NA,NA,NA
"671",1931,"Horror",7.6,7.6,7.7
"672",1932,"Horror",7.5,7.4,7.7
"673",1933,"Horror",7.7,7.65,7.75
"674",1934,"Horror",NA,NA,NA
"675",1935,"Horror",7.8,7.8,7.8
"676",1936,"Horror",NA,NA,NA
"677",1937,"Horror",NA,NA,NA
"678",1938,"Horror",NA,NA,NA
"679",1939,"Horror",NA,NA,NA
"680",1940,"Horror",NA,NA,NA
"681",1941,"Horror",7.4,7.4,7.4
"682",1942,"Horror",7.4,7.4,7.4
"683",1943,"Horror",7.2,7.2,7.2
"684",1944,"Horror",NA,NA,NA
"685",1945,"Horror",7.6,7.6,7.6
"686",1946,"Horror",NA,NA,NA
"687",1947,"Horror",NA,NA,NA
"688",1948,"Horror",7.7,7.7,7.7
"689",1949,"Horror",NA,NA,NA
"690",1950,"Horror",NA,NA,NA
"691",1951,"Horror",7.3,7.3,7.3
"692",1952,"Horror",NA,NA,NA
"693",1953,"Horror",7.2,7.2,7.2
"694",1954,"Horror",7.4,7.25,7.55
"695",1955,"Horror",7.9,7.9,7.9
"696",1956,"Horror",7.65,7.625,7.675
"697",1957,"Horror",7.6,5.95,7.65
"698",1958,"Horror",7.1,6.8,7.3
"699",1959,"Horror",7,7,7
"700",1960,"Horror",7.3,7.2,7.7
"701",1961,"Horror",7.5,7.35,7.65
"702",1962,"Horror",7.65,7.425,7.875
"703",1963,"Horror",7.6,7.2,7.65
"704",1964,"Horror",7.5,7.075,7.925
"705",1965,"Horror",7.7,7.7,7.7
"706",1966,"Horror",3,3,3
"707",1967,"Horror",7.3,7.3,7.3
"708",1968,"Horror",7.9,7.8,7.9
"709",1969,"Horror",NA,NA,NA
"710",1970,"Horror",7.3,7.3,7.3
"711",1971,"Horror",7.2,7.2,7.2
"712",1972,"Horror",6.55,6.325,6.775
"713",1973,"Horror",7.25,6.725,7.7
"714",1974,"Horror",7.4,7.35,7.45
"715",1975,"Horror",6.75,6.4,7.175
"716",1976,"Horror",7.3,6.875,7.45
"717",1977,"Horror",6.4,6.1,7.4
"718",1978,"Horror",6.4,5.825,7.275
"719",1979,"Horror",6.95,6.9,7.375
"720",1980,"Horror",6.6,6.3,6.9
"721",1981,"Horror",6.7,6.4,7
"722",1982,"Horror",6.3,5.9,7.1
"723",1983,"Horror",6.55,6.175,6.8
"724",1984,"Horror",6.4,6.15,6.75
"725",1985,"Horror",6.6,6.2,7.2
"726",1986,"Horror",6.2,5.8,6.95
"727",1987,"Horror",6.8,6.6,7.1
"728",1988,"Horror",6.3,6,6.6
"729",1989,"Horror",5.8,5.3,6.7
"730",1990,"Horror",6.4,6.25,6.65
"731",1991,"Horror",5.25,4.975,5.675
"732",1992,"Horror",6.35,5.65,6.875
"733",1993,"Horror",6,5.5,6.25
"734",1994,"Horror",6.6,6.4,7.4
"735",1995,"Horror",5.8,5.35,6.35
"736",1996,"Horror",6,5.5,7.25
"737",1997,"Horror",5.95,5.7,6.3
"738",1998,"Horror",5.85,5.625,6.5
"739",1999,"Horror",6.4,5.8,6.95
"740",2000,"Horror",6.3,5.275,6.825
"741",2001,"Horror",6.5,5.55,6.775
"742",2002,"Horror",6.6,5.7,6.8
"743",2003,"Horror",6.1,5.675,6.325
"744",2004,"Horror",6.2,5.7,6.9
"745",2005,"Horror",5.9,5.4,6.55
"746",2006,"Horror",5.9,5.3,6.45
"747",2007,"Horror",6.2,5.8,6.75
"748",2008,"Horror",6.05,5.65,6.3
"749",2009,"Horror",5.9,5.4,6.45
"750",2010,"Horror",5.9,5.6,6.6
"751",2011,"Horror",6,5.4,6.3
"752",2012,"Horror",6,5.3,6.35
"753",2013,"Horror",6.15,5.8,6.575
"754",2014,"Horror",5.95,5.55,6.6
"755",2015,"Horror",5.7,5.4,6.3
"756",2016,"Horror",6.15,5.5,6.475
"757",2017,"Horror",6.3,5.7,6.6
"758",2018,"Horror",6.2,5.6,6.7
"759",2019,"Horror",6,5.7,6.475
"760",2020,"Horror",5.9,5.3,6.5
"761",1925,"Mystery",NA,NA,NA
"762",1926,"Mystery",NA,NA,NA
"763",1927,"Mystery",7.4,7.4,7.4
"764",1928,"Mystery",NA,NA,NA
"765",1930,"Mystery",NA,NA,NA
"766",1931,"Mystery",8.1,8.1,8.1
"767",1932,"Mystery",NA,NA,NA
"768",1933,"Mystery",7.7,7.7,7.7
"769",1934,"Mystery",7.5,7.2,7.8
"770",1935,"Mystery",7.8,7.8,7.8
"771",1936,"Mystery",NA,NA,NA
"772",1937,"Mystery",NA,NA,NA
"773",1938,"Mystery",7.8,7.8,7.8
"774",1939,"Mystery",NA,NA,NA
"775",1940,"Mystery",8,8,8
"776",1941,"Mystery",8,7.7,8.05
"777",1942,"Mystery",NA,NA,NA
"778",1943,"Mystery",NA,NA,NA
"779",1944,"Mystery",7.95,7.925,7.975
"780",1945,"Mystery",7.6,7.6,7.6
"781",1946,"Mystery",7.85,7.825,7.875
"782",1947,"Mystery",NA,NA,NA
"783",1948,"Mystery",8,8,8
"784",1949,"Mystery",7.6,7.5,7.85
"785",1950,"Mystery",7.9,7.625,8.025
"786",1951,"Mystery",NA,NA,NA
"787",1952,"Mystery",NA,NA,NA
"788",1953,"Mystery",NA,NA,NA
"789",1954,"Mystery",8.4,8.4,8.4
"790",1955,"Mystery",7.55,7.425,7.625
"791",1956,"Mystery",NA,NA,NA
"792",1957,"Mystery",7.9,7.75,8.05
"793",1958,"Mystery",8.2,8.2,8.2
"794",1959,"Mystery",7.75,7.45,7.975
"795",1960,"Mystery",8.15,8.025,8.275
"796",1961,"Mystery",7.5,7.35,7.65
"797",1962,"Mystery",7.8,7.5,8.1
"798",1963,"Mystery",7.85,7.625,8.025
"799",1964,"Mystery",7.6,7.4,7.65
"800",1965,"Mystery",7.2,7.2,7.2
"801",1966,"Mystery",7.6,7.6,7.6
"802",1967,"Mystery",7.95,7.925,7.975
"803",1968,"Mystery",7.2,7.2,7.2
"804",1969,"Mystery",NA,NA,NA
"805",1970,"Mystery",7.3,7.3,7.3
"806",1971,"Mystery",7.25,7.225,7.275
"807",1972,"Mystery",7.9,7.45,7.95
"808",1973,"Mystery",7.3,7.3,7.6
"809",1974,"Mystery",7.6,7.375,7.875
"810",1975,"Mystery",7.35,7.125,7.5
"811",1976,"Mystery",7.5,7.35,8.2
"812",1977,"Mystery",7.4,6.8,7.8
"813",1978,"Mystery",7,6.9,7.1
"814",1979,"Mystery",7.35,6.875,7.825
"815",1980,"Mystery",6.6,6.5,7.1
"816",1981,"Mystery",6.4,6.35,6.9
"817",1982,"Mystery",7.15,7.025,7.2
"818",1983,"Mystery",6.7,6.65,6.75
"819",1984,"Mystery",6.8,6.6,6.8
"820",1985,"Mystery",6.9,6.5,6.95
"821",1986,"Mystery",7.35,6.625,7.7
"822",1987,"Mystery",7.25,7.175,7.325
"823",1988,"Mystery",6.4,6,6.9
"824",1989,"Mystery",6.55,6.05,7.05
"825",1990,"Mystery",6.8,6.3,7.225
"826",1991,"Mystery",6.8,6.65,6.95
"827",1992,"Mystery",7.1,7,7.4
"828",1993,"Mystery",6.5,6.15,6.95
"829",1994,"Mystery",6.7,6.05,7.05
"830",1995,"Mystery",6.9,6.75,7.75
"831",1996,"Mystery",7.05,6.4,7.575
"832",1997,"Mystery",7.25,6.7,7.675
"833",1998,"Mystery",6.4,5.775,7.525
"834",1999,"Mystery",6.7,6.4,7.125
"835",2000,"Mystery",6.1,5.75,7.4
"836",2001,"Mystery",6.6,6.3,7.15
"837",2002,"Mystery",6.6,6.2,7.2
"838",2003,"Mystery",6.7,5.9,7.3
"839",2004,"Mystery",6.2,5.9,6.775
"840",2005,"Mystery",6.5,6.025,7.125
"841",2006,"Mystery",6.4,5.5,7.3
"842",2007,"Mystery",6.6,6.25,7.2
"843",2008,"Mystery",6.2,5.6,6.5
"844",2009,"Mystery",6.4,5.975,7.1
"845",2010,"Mystery",6.35,5.7,7.15
"846",2011,"Mystery",6.3,5.75,6.95
"847",2012,"Mystery",6.1,5.725,7.05
"848",2013,"Mystery",6.85,6.35,7.325
"849",2014,"Mystery",6.35,5.6,6.85
"850",2015,"Mystery",6.3,5.5,6.725
"851",2016,"Mystery",6.3,5.55,7.15
"852",2017,"Mystery",6.4,6,6.8
"853",2018,"Mystery",6.35,5.8,7
"854",2019,"Mystery",6.15,5.7,6.75
"855",2020,"Mystery",5.9,5.3,7.1
"856",1925,"Romance",NA,NA,NA
"857",1926,"Romance",NA,NA,NA
"858",1927,"Romance",7.8,7.75,7.85
"859",1928,"Romance",7.9,7.9,7.9
"860",1930,"Romance",NA,NA,NA
"861",1931,"Romance",8.05,7.925,8.175
"862",1932,"Romance",7.7,7.6,7.9
"863",1933,"Romance",7.6,7.6,7.6
"864",1934,"Romance",7.85,7.775,7.925
"865",1935,"Romance",7.8,7.8,7.8
"866",1936,"Romance",7.8,7.7,7.925
"867",1937,"Romance",7.9,7.9,7.9
"868",1938,"Romance",7.9,7.9,7.9
"869",1939,"Romance",7.7,7.7,7.9
"870",1940,"Romance",8,7.9,8
"871",1941,"Romance",7.85,7.775,7.95
"872",1942,"Romance",7.8,7.7,8.1
"873",1943,"Romance",8,8,8
"874",1944,"Romance",NA,NA,NA
"875",1945,"Romance",7.85,7.675,8.025
"876",1946,"Romance",7.85,7.8,7.9
"877",1947,"Romance",7.4,7.4,7.4
"878",1948,"Romance",7.8,7.725,7.875
"879",1949,"Romance",7.6,7.6,7.9
"880",1950,"Romance",7.6,7.45,7.75
"881",1951,"Romance",7.8,7.55,7.8
"882",1952,"Romance",8,7.8,8.1
"883",1953,"Romance",7.45,7.15,7.675
"884",1954,"Romance",7.8,7.75,7.85
"885",1955,"Romance",7.6,7.5,7.7
"886",1956,"Romance",6.9,6.75,7.05
"887",1957,"Romance",7.85,7.575,8.025
"888",1958,"Romance",7.95,7.525,8.15
"889",1959,"Romance",7.6,7.4,7.9
"890",1960,"Romance",7.9,7.8,8
"891",1961,"Romance",7.8,7.45,7.9
"892",1962,"Romance",7.7,7.65,7.75
"893",1963,"Romance",7.5,7.275,7.575
"894",1964,"Romance",7.9,7.9,7.9
"895",1965,"Romance",7.85,7.525,8.125
"896",1966,"Romance",7.65,7.45,7.7
"897",1967,"Romance",7.7,7.6,8
"898",1968,"Romance",7.8,7.45,7.8
"899",1969,"Romance",8,8,8
"900",1970,"Romance",7.1,7,7.1
"901",1971,"Romance",8,8,8
"902",1972,"Romance",7.5,7.3,7.6
"903",1973,"Romance",7.65,7.475,7.825
"904",1974,"Romance",7.4,7.4,8
"905",1975,"Romance",8.4,8.4,8.4
"906",1976,"Romance",6.7,6.7,7.25
"907",1977,"Romance",7.9,7.9,8.7
"908",1978,"Romance",7.4,7.3,7.9
"909",1979,"Romance",7.8,7.3,7.9
"910",1980,"Romance",7.4,6.3,7.45
"911",1981,"Romance",7,7,7
"912",1982,"Romance",7.4,7.25,7.55
"913",1983,"Romance",6.5,6.2,6.75
"914",1984,"Romance",6.7,6.5,6.8
"915",1985,"Romance",7.1,6.7,7.375
"916",1986,"Romance",6.7,6.3,7
"917",1987,"Romance",7.15,6.675,7.325
"918",1988,"Romance",6.85,6.2,7.35
"919",1989,"Romance",6.9,6.5,7.5
"920",1990,"Romance",6.6,6.3,7.05
"921",1991,"Romance",6.75,6.275,7.3
"922",1992,"Romance",6.9,6.3,7.3
"923",1993,"Romance",7.1,6.3,7.65
"924",1994,"Romance",6.6,5.8,7.2
"925",1995,"Romance",6.9,6.5,7.2
"926",1996,"Romance",6.8,6.3,7.4
"927",1997,"Romance",7.1,6.45,7.8
"928",1998,"Romance",7.1,6.75,7.7
"929",1999,"Romance",6.8,6.1,7.1
"930",2000,"Romance",7,5.85,7.4
"931",2001,"Romance",6.6,6.25,7.1
"932",2002,"Romance",6.8,5.9,7.3
"933",2003,"Romance",7,6.3,7.5
"934",2004,"Romance",6.9,6.225,7.575
"935",2005,"Romance",6.8,6.4,7.275
"936",2006,"Romance",6.85,6.025,7.275
"937",2007,"Romance",6.8,6.275,7.225
"938",2008,"Romance",6.7,6.15,7.1
"939",2009,"Romance",6.7,6.2,7.2
"940",2010,"Romance",6.6,6.275,7.125
"941",2011,"Romance",6.8,6.25,7.2
"942",2012,"Romance",6.9,6.35,7.425
"943",2013,"Romance",6.7,6.275,7.1
"944",2014,"Romance",6.7,6.3,7.1
"945",2015,"Romance",7,6.3,7.5
"946",2016,"Romance",6.85,6.2,7.325
"947",2017,"Romance",6.45,5.975,7.4
"948",2018,"Romance",6.7,6.15,7.3
"949",2019,"Romance",6.9,6,7.4
"950",2020,"Romance",6.15,5.725,6.725
"951",1925,"Thriller",7.8,7.8,7.8
"952",1926,"Thriller",NA,NA,NA
"953",1927,"Thriller",NA,NA,NA
"954",1928,"Thriller",NA,NA,NA
"955",1930,"Thriller",NA,NA,NA
"956",1931,"Thriller",8.1,8.1,8.1
"957",1932,"Thriller",7.2,7.2,7.2
"958",1933,"Thriller",NA,NA,NA
"959",1934,"Thriller",6.9,6.9,6.9
"960",1935,"Thriller",7.8,7.8,7.8
"961",1936,"Thriller",7.1,7.1,7.1
"962",1937,"Thriller",NA,NA,NA
"963",1938,"Thriller",7.8,7.8,7.8
"964",1939,"Thriller",NA,NA,NA
"965",1940,"Thriller",7.6,7.6,7.6
"966",1941,"Thriller",7.4,7.4,7.4
"967",1942,"Thriller",7.3,7.25,7.35
"968",1943,"Thriller",7.9,7.9,7.9
"969",1944,"Thriller",8,8,8
"970",1945,"Thriller",7.9,7.85,7.95
"971",1946,"Thriller",NA,NA,NA
"972",1947,"Thriller",7.6,7.6,7.6
"973",1948,"Thriller",NA,NA,NA
"974",1949,"Thriller",8.1,8.1,8.1
"975",1950,"Thriller",7.1,7.1,7.1
"976",1951,"Thriller",7.9,7.9,7.9
"977",1952,"Thriller",7.9,7.9,7.9
"978",1953,"Thriller",7.5,7.225,7.775
"979",1954,"Thriller",8.1,8.1,8.25
"980",1955,"Thriller",7.7,7.6,7.8
"981",1956,"Thriller",7.6,7.55,7.65
"982",1957,"Thriller",7.6,7.6,7.6
"983",1958,"Thriller",8.05,7.975,8.125
"984",1959,"Thriller",7.9,7.75,8.05
"985",1960,"Thriller",7.85,7.725,8.2
"986",1961,"Thriller",8,8,8
"987",1962,"Thriller",7.8,7.65,7.875
"988",1963,"Thriller",7.2,7.05,7.35
"989",1964,"Thriller",7.9,7.8,7.9
"990",1965,"Thriller",7.55,7.325,7.7
"991",1966,"Thriller",7.6,7.2,7.7
"992",1967,"Thriller",7.4,7.2,7.65
"993",1968,"Thriller",7.7,7.6,7.8
"994",1969,"Thriller",6.6,6.45,6.75
"995",1970,"Thriller",7.3,7,7.65
"996",1971,"Thriller",7.2,6.95,7.4
"997",1972,"Thriller",7.4,7.05,7.6
"998",1973,"Thriller",7.3,7.15,7.65
"999",1974,"Thriller",7.25,6.95,7.8
"1000",1975,"Thriller",7.55,7.2,7.675
"1001",1976,"Thriller",7.4,7.1,7.475
"1002",1977,"Thriller",7,6.4,7.8
"1003",1978,"Thriller",7.1,6.1,7.65
"1004",1979,"Thriller",7.5,7.45,7.65
"1005",1980,"Thriller",6.6,6.225,6.825
"1006",1981,"Thriller",6.9,6.5,7.2
"1007",1982,"Thriller",6.7,6.05,7.35
"1008",1983,"Thriller",6.6,6.2,6.8
"1009",1984,"Thriller",6.2,6.1,6.4
"1010",1985,"Thriller",6.6,6.4,6.85
"1011",1986,"Thriller",6.45,5.85,7.15
"1012",1987,"Thriller",7.1,6.8,7.25
"1013",1988,"Thriller",6.65,6.125,7.15
"1014",1989,"Thriller",6.7,5.875,6.875
"1015",1990,"Thriller",6.8,6.325,7.425
"1016",1991,"Thriller",7.25,6.4,7.7
"1017",1992,"Thriller",6.8,6.4,7.1
"1018",1993,"Thriller",6.8,6.4,7.35
"1019",1994,"Thriller",6.9,5.7,7.3
"1020",1995,"Thriller",6.55,5.85,7.3
"1021",1996,"Thriller",6.7,6.25,7.5
"1022",1997,"Thriller",6.8,6.35,7.275
"1023",1998,"Thriller",6.35,5.85,7.325
"1024",1999,"Thriller",6.9,6.15,7.25
"1025",2000,"Thriller",6.5,6.1,7.2
"1026",2001,"Thriller",6.6,6.275,7.225
"1027",2002,"Thriller",6.8,6,7.2
"1028",2003,"Thriller",6.6,6.3,7.2
"1029",2004,"Thriller",6.6,6.2,7.6
"1030",2005,"Thriller",6.9,6.5,7.3
"1031",2006,"Thriller",6.4,5.825,6.9
"1032",2007,"Thriller",6.8,6.1,7.15
"1033",2008,"Thriller",6.35,6,7.075
"1034",2009,"Thriller",6.55,5.8,6.9
"1035",2010,"Thriller",6.5,6.2,6.9
"1036",2011,"Thriller",6.6,5.9,7.2
"1037",2012,"Thriller",6.45,5.9,7.1
"1038",2013,"Thriller",6.5,5.8,6.9
"1039",2014,"Thriller",6.4,5.9,6.875
"1040",2015,"Thriller",6.1,5.475,7.025
"1041",2016,"Thriller",6.5,6.025,7.4
"1042",2017,"Thriller",6.5,6.05,7.15
"1043",2018,"Thriller",6.3,5.6,7.1
"1044",2019,"Thriller",6.4,5.85,6.775
"1045",2020,"Thriller",6.4,6.1,6.875
"1046",1925,"Western",NA,NA,NA
"1047",1926,"Western",NA,NA,NA
"1048",1927,"Western",NA,NA,NA
"1049",1928,"Western",NA,NA,NA
"1050",1930,"Western",NA,NA,NA
"1051",1931,"Western",NA,NA,NA
"1052",1932,"Western",NA,NA,NA
"1053",1933,"Western",NA,NA,NA
"1054",1934,"Western",NA,NA,NA
"1055",1935,"Western",NA,NA,NA
"1056",1936,"Western",NA,NA,NA
"1057",1937,"Western",NA,NA,NA
"1058",1938,"Western",NA,NA,NA
"1059",1939,"Western",7.8,7.8,7.8
"1060",1940,"Western",NA,NA,NA
"1061",1941,"Western",NA,NA,NA
"1062",1942,"Western",7.9,7.9,7.9
"1063",1943,"Western",NA,NA,NA
"1064",1944,"Western",NA,NA,NA
"1065",1945,"Western",NA,NA,NA
"1066",1946,"Western",7.6,7.6,7.6
"1067",1947,"Western",NA,NA,NA
"1068",1948,"Western",7.8,7.7,7.9
"1069",1949,"Western",7.4,7.4,7.4
"1070",1950,"Western",7.5,7.4,7.6
"1071",1951,"Western",NA,NA,NA
"1072",1952,"Western",7.9,7.9,7.9
"1073",1953,"Western",7.7,7.7,7.7
"1074",1954,"Western",7.6,7.6,7.6
"1075",1955,"Western",NA,NA,NA
"1076",1956,"Western",7.8,7.75,7.85
"1077",1957,"Western",7.45,7.375,7.525
"1078",1958,"Western",8,8,8
"1079",1959,"Western",8,8,8
"1080",1960,"Western",7.8,7.8,7.8
"1081",1961,"Western",7.4,7.4,7.4
"1082",1962,"Western",7.6,7.4,7.8
"1083",1963,"Western",7.7,7.6,7.8
"1084",1964,"Western",8,8,8
"1085",1965,"Western",7.3,7.15,7.75
"1086",1966,"Western",7.4,7.35,8.05
"1087",1967,"Western",7.6,7.55,7.65
"1088",1968,"Western",7.8,7.45,8.1
"1089",1969,"Western",7.7,7.6,7.8
"1090",1970,"Western",7.6,7.55,7.65
"1091",1971,"Western",7.6,7.45,7.7
"1092",1972,"Western",7.6,7.1,7.65
"1093",1973,"Western",7.6,7.5,7.6
"1094",1974,"Western",7.8,7.8,7.8
"1095",1975,"Western",7,7,7
"1096",1976,"Western",7.9,7.85,7.95
"1097",1977,"Western",NA,NA,NA
"1098",1978,"Western",NA,NA,NA
"1099",1979,"Western",NA,NA,NA
"1100",1980,"Western",6.65,6.625,6.675
"1101",1981,"Western",NA,NA,NA
"1102",1982,"Western",NA,NA,NA
"1103",1983,"Western",NA,NA,NA
"1104",1984,"Western",NA,NA,NA
"1105",1985,"Western",7.4,7.4,7.4
"1106",1986,"Western",6.6,6.6,6.6
"1107",1987,"Western",NA,NA,NA
"1108",1988,"Western",7,7,7
"1109",1989,"Western",NA,NA,NA
"1110",1990,"Western",7.35,7.025,7.675
"1111",1991,"Western",6.8,6.8,6.8
"1112",1992,"Western",7.9,7.75,8.05
"1113",1993,"Western",NA,NA,NA
"1114",1994,"Western",NA,NA,NA
"1115",1995,"Western",NA,NA,NA
"1116",1996,"Western",NA,NA,NA
"1117",1997,"Western",NA,NA,NA
"1118",1998,"Western",6.4,6.25,6.55
"1119",1999,"Western",NA,NA,NA
"1120",2000,"Western",7.25,6.575,7.925
"1121",2001,"Western",6.5,6.35,6.65
"1122",2002,"Western",NA,NA,NA
"1123",2003,"Western",6.6,6.6,6.6
"1124",2004,"Western",5.5,5.5,5.5
"1125",2005,"Western",7.5,7.5,7.5
"1126",2006,"Western",NA,NA,NA
"1127",2007,"Western",6.4,6.4,6.4
"1128",2008,"Western",NA,NA,NA
"1129",2009,"Western",7.6,7.6,7.6
"1130",2010,"Western",6.5,6.5,7.05
"1131",2011,"Western",NA,NA,NA
"1132",2012,"Western",7.05,6.375,7.725
"1133",2013,"Western",NA,NA,NA
"1134",2014,"Western",6.7,6.5,6.9
"1135",2015,"Western",6.5,6.25,6.8
"1136",2016,"Western",6.5,6.25,6.75
"1137",2017,"Western",7.35,7.325,7.375
"1138",2018,"Western",6.9,6.9,6.9
"1139",2019,"Western",NA,NA,NA
"1140",2020,"Western",NA,NA,NA
"1141",1925,"Scifi",NA,NA,NA
"1142",1926,"Scifi",NA,NA,NA
"1143",1927,"Scifi",8.1,8.1,8.1
"1144",1928,"Scifi",NA,NA,NA
"1145",1930,"Scifi",NA,NA,NA
"1146",1931,"Scifi",7.6,7.6,7.6
"1147",1932,"Scifi",NA,NA,NA
"1148",1933,"Scifi",7.7,7.65,7.75
"1149",1934,"Scifi",NA,NA,NA
"1150",1935,"Scifi",7.8,7.8,7.8
"1151",1936,"Scifi",NA,NA,NA
"1152",1937,"Scifi",NA,NA,NA
"1153",1938,"Scifi",NA,NA,NA
"1154",1939,"Scifi",NA,NA,NA
"1155",1940,"Scifi",NA,NA,NA
"1156",1941,"Scifi",NA,NA,NA
"1157",1942,"Scifi",NA,NA,NA
"1158",1943,"Scifi",NA,NA,NA
"1159",1944,"Scifi",NA,NA,NA
"1160",1945,"Scifi",NA,NA,NA
"1161",1946,"Scifi",NA,NA,NA
"1162",1947,"Scifi",NA,NA,NA
"1163",1948,"Scifi",NA,NA,NA
"1164",1949,"Scifi",NA,NA,NA
"1165",1950,"Scifi",NA,NA,NA
"1166",1951,"Scifi",7.55,7.425,7.675
"1167",1952,"Scifi",7,7,7
"1168",1953,"Scifi",7.2,7.2,7.2
"1169",1954,"Scifi",7.25,7.175,7.325
"1170",1955,"Scifi",NA,NA,NA
"1171",1956,"Scifi",7.7,7.7,7.7
"1172",1957,"Scifi",6,5.15,6.85
"1173",1958,"Scifi",6.8,6.65,6.95
"1174",1959,"Scifi",7.3,7.3,7.3
"1175",1960,"Scifi",7.5,7.4,7.6
"1176",1961,"Scifi",NA,NA,NA
"1177",1962,"Scifi",NA,NA,NA
"1178",1963,"Scifi",6.8,6.8,6.8
"1179",1964,"Scifi",7,7,7
"1180",1965,"Scifi",7.2,7.2,7.2
"1181",1966,"Scifi",7.3,7.1,7.5
"1182",1967,"Scifi",NA,NA,NA
"1183",1968,"Scifi",8,7.95,8.05
"1184",1969,"Scifi",NA,NA,NA
"1185",1970,"Scifi",6.1,6.1,6.1
"1186",1971,"Scifi",6.8,6.7,7.3
"1187",1972,"Scifi",6.9,6.65,7.25
"1188",1973,"Scifi",7.1,6.6,7.55
"1189",1974,"Scifi",6.3,6.15,6.45
"1190",1975,"Scifi",6.6,6.5,6.7
"1191",1976,"Scifi",6.85,6.825,6.875
"1192",1977,"Scifi",7,6.7,7.3
"1193",1978,"Scifi",6.75,6.275,7.175
"1194",1979,"Scifi",6.9,6.4,7.2
"1195",1980,"Scifi",6.8,6.4,6.9
"1196",1981,"Scifi",7.05,6.775,7.4
"1197",1982,"Scifi",7.35,6.025,7.875
"1198",1983,"Scifi",6.85,6.525,7.25
"1199",1984,"Scifi",6.75,6.5,7.125
"1200",1985,"Scifi",6.9,6.7,7.4
"1201",1986,"Scifi",6.9,6.325,7.475
"1202",1987,"Scifi",7.1,6.8,7.4
"1203",1988,"Scifi",6.3,5.7,6.55
"1204",1989,"Scifi",5.4,5.3,7
"1205",1990,"Scifi",6.4,6.1,6.6
"1206",1991,"Scifi",7.4,6,7.9
"1207",1992,"Scifi",6,5.7,6.25
"1208",1993,"Scifi",6,5.5,6.8
"1209",1994,"Scifi",6.2,6,6.4
"1210",1995,"Scifi",5.8,5.7,7
"1211",1996,"Scifi",5.8,5.55,6.4
"1212",1997,"Scifi",6.7,5.75,7.375
"1213",1998,"Scifi",6.35,5.625,7.075
"1214",1999,"Scifi",5.65,5,6.95
"1215",2000,"Scifi",5.7,4.9,6.4
"1216",2001,"Scifi",6,5.7,6.525
"1217",2002,"Scifi",6.5,5.7,6.8
"1218",2003,"Scifi",6.3,5.75,6.6
"1219",2004,"Scifi",6.6,6.125,7.325
"1220",2005,"Scifi",6.4,5.45,6.975
"1221",2006,"Scifi",6.4,5.2,6.8
"1222",2007,"Scifi",6.4,6.225,7.2
"1223",2008,"Scifi",6.2,5.55,6.575
"1224",2009,"Scifi",6.15,5.9,6.575
"1225",2010,"Scifi",6.6,6.475,7.125
"1226",2011,"Scifi",6.7,6,7.1
"1227",2012,"Scifi",6.55,5.95,7.1
"1228",2013,"Scifi",6.65,6.175,7.1
"1229",2014,"Scifi",6.65,6.1,7.525
"1230",2015,"Scifi",6.2,5.5,6.7
"1231",2016,"Scifi",6.5,5.9,7.1
"1232",2017,"Scifi",6.3,5.9,6.4
"1233",2018,"Scifi",6.5,5.775,7
"1234",2019,"Scifi",6.4,5.95,6.85
"1235",2020,"Scifi",6.1,5.9,7.1
"1236",1925,"All",7.8,7.75,7.95
"1237",1926,"All",7.9,7.85,7.95
"1238",1927,"All",7.8,7.625,7.95
"1239",1928,"All",7.9,7.875,7.95
"1240",1930,"All",7.65,7.55,7.75
"1241",1931,"All",7.65,7.6,7.875
"1242",1932,"All",7.7,7.5,7.9
"1243",1933,"All",7.7,7.6,7.8
"1244",1934,"All",7.85,7.5,8.025
"1245",1935,"All",7.8,7.8,7.8
"1246",1936,"All",7.9,7.7,7.95
"1247",1937,"All",7.8,7.7,7.9
"1248",1938,"All",7.9,7.775,7.9
"1249",1939,"All",7.85,7.7,8
"1250",1940,"All",7.9,7.65,8
"1251",1941,"All",7.8,7.6,8
"1252",1942,"All",7.75,7.55,7.95
"1253",1943,"All",7.9,7.55,7.95
"1254",1944,"All",7.8,7.65,7.95
"1255",1945,"All",7.75,7.6,8
"1256",1946,"All",7.8,7.6,7.9
"1257",1947,"All",7.9,7.6,7.9
"1258",1948,"All",7.75,7.7,7.975
"1259",1949,"All",7.6,7.5,8
"1260",1950,"All",7.9,7.7,8
"1261",1951,"All",7.8,7.45,7.925
"1262",1952,"All",7.9,7.65,8
"1263",1953,"All",7.6,7.3,7.9
"1264",1954,"All",7.75,7.45,8.075
"1265",1955,"All",7.75,7.425,7.9
"1266",1956,"All",7.65,7.5,7.85
"1267",1957,"All",7.9,7.55,8.1
"1268",1958,"All",7.8,7.3,7.9
"1269",1959,"All",7.8,7.4,8
"1270",1960,"All",7.8,7.3,7.9
"1271",1961,"All",7.8,7.5,7.9
"1272",1962,"All",7.85,7.6,8
"1273",1963,"All",7.55,7.275,7.9
"1274",1964,"All",7.8,7.7,7.9
"1275",1965,"All",7.55,7.225,7.85
"1276",1966,"All",7.65,7.275,7.825
"1277",1967,"All",7.8,7.5,7.9
"1278",1968,"All",7.7,7.175,7.8
"1279",1969,"All",7.5,7.3,7.95
"1280",1970,"All",7.4,7.1,7.6
"1281",1971,"All",7.4,7.2,7.775
"1282",1972,"All",7.4,7,7.8
"1283",1973,"All",7.6,7.3,7.8
"1284",1974,"All",7.4,7.05,7.8
"1285",1975,"All",7.6,6.775,8
"1286",1976,"All",7.4,6.9,8
"1287",1977,"All",7.45,6.725,7.875
"1288",1978,"All",7.2,6.4,7.625
"1289",1979,"All",7.5,6.95,7.8
"1290",1980,"All",6.9,6.5,7.6
"1291",1981,"All",7.05,6.775,7.5
"1292",1982,"All",7.2,6.7,7.75
"1293",1983,"All",6.9,6.5,7.45
"1294",1984,"All",6.9,6.45,7.45
"1295",1985,"All",6.9,6.6,7.4
"1296",1986,"All",7,6.3,7.4
"1297",1987,"All",7.1,6.6,7.5
"1298",1988,"All",6.85,6.2,7.5
"1299",1989,"All",6.85,6.375,7.425
"1300",1990,"All",6.6,6.2,7.2
"1301",1991,"All",6.8,6.3,7.4
"1302",1992,"All",6.9,6.275,7.4
"1303",1993,"All",7,6.3,7.6
"1304",1994,"All",6.8,6.2,7.4
"1305",1995,"All",6.9,6.2,7.5
"1306",1996,"All",6.7,6,7.3
"1307",1997,"All",6.9,6.3,7.4
"1308",1998,"All",6.9,6.2,7.5
"1309",1999,"All",6.8,6.2,7.4
"1310",2000,"All",6.7,5.9,7.4
"1311",2001,"All",6.7,6.2,7.3
"1312",2002,"All",6.8,6,7.4
"1313",2003,"All",6.8,5.95,7.4
"1314",2004,"All",6.9,6.15,7.55
"1315",2005,"All",6.8,6.1,7.4
"1316",2006,"All",6.8,6,7.4
"1317",2007,"All",6.8,6.1,7.3
"1318",2008,"All",6.7,6.1,7.2
"1319",2009,"All",6.6,5.925,7.3
"1320",2010,"All",6.65,6.2,7.2
"1321",2011,"All",6.7,6.1,7.3
"1322",2012,"All",6.7,6.1,7.3
"1323",2013,"All",6.7,6.2,7.3
"1324",2014,"All",6.6,6.1,7.3
"1325",2015,"All",6.7,6.1,7.4
"1326",2016,"All",6.7,6.1,7.4
"1327",2017,"All",6.7,6.1,7.3
"1328",2018,"All",6.8,6.1,7.3
"1329",2019,"All",6.7,6.1,7.4
"1330",2020,"All",6.4,5.9,7.025
